<!-- Plane and flight data file for use in the Airline Flight Plan simulation -->
<STARTTIME>
	<HOUR>
		07
	</HOUR>
	<MINUTE>
		00
	</MINUTE>
</STARTTIME>
<PLANES>
	<PLANE>
		<MAKE>
			Boeing 747
		</MAKE>
		<DESCRIPTION>
			Jumbo Jet
		</DESCRIPTION>
		<RATEOFCLIMB>
			2000
		</RATEOFCLIMB>
		<WINGSPAN>
			195
		</WINGSPAN>
		<LENGTH>
			231
		</LENGTH>
		<CRUISESPEED>
			560
		</CRUISESPEED>
		<CRUISEALTITUDE>
			35000
		</CRUISEALTITUDE>
	</PLANE>
	<PLANE>
		<MAKE>
			Boeing 727
		</MAKE>
		<DESCRIPTION>
			Passenger Jet
		</DESCRIPTION>
		<RATEOFCLIMB>
			1800
		</RATEOFCLIMB>
		<WINGSPAN>
			108
		</WINGSPAN>
		<LENGTH>
			153
		</LENGTH>
		<CRUISESPEED>
			580
		</CRUISESPEED>
		<CRUISEALTITUDE>
			30000
		</CRUISEALTITUDE>
	</PLANE>
	<PLANE>
		<MAKE>
			MD DC-9
		</MAKE>
		<DESCRIPTION>
			Passenger Jet
		</DESCRIPTION>
		<RATEOFCLIMB>
			3000
		</RATEOFCLIMB>
		<WINGSPAN>
			93
		</WINGSPAN>
		<LENGTH>
			133
		</LENGTH>
		<CRUISESPEED>
			558
		</CRUISESPEED>
		<CRUISEALTITUDE>
			30000
		</CRUISEALTITUDE>
	</PLANE>
	<PLANE>
		<MAKE>
			Gulfstream 150
		</MAKE>
		<DESCRIPTION>
			Business Jet
		</DESCRIPTION>
		<RATEOFCLIMB>
			1500
		</RATEOFCLIMB>
		<WINGSPAN>
			55
		</WINGSPAN>
		<LENGTH>
			56
		</LENGTH>
		<CRUISESPEED>
			528
		</CRUISESPEED>
		<CRUISEALTITUDE>
			41000
		</CRUISEALTITUDE>
	</PLANE>
	<PLANE>
		<MAKE>
			Piper Cherokee 180-C
		</MAKE>
		<DESCRIPTION>
			Single-engine private
		</DESCRIPTION>
		<RATEOFCLIMB>
			750
		</RATEOFCLIMB>
		<WINGSPAN>
			30
		</WINGSPAN>
		<LENGTH>
			24
		</LENGTH>
		<CRUISESPEED>
			145
		</CRUISESPEED>
		<CRUISEALTITUDE>
			10000
		</CRUISEALTITUDE>
	</PLANE>
	<PLANE>
		<MAKE>
			Cessna 172
		</MAKE>
		<DESCRIPTION>
			Single-engine private
		</DESCRIPTION>
		<RATEOFCLIMB>
			730
		</RATEOFCLIMB>
		<WINGSPAN>
			36
		</WINGSPAN>
		<LENGTH>
			27
		</LENGTH>
		<CRUISESPEED>
			132
		</CRUISESPEED>
		<CRUISEALTITUDE>
			7500
		</CRUISEALTITUDE>
	</PLANE>
</PLANES>
<FLIGHTS>
	<FLIGHT>
		<AIRLINE>
			Delta
		</AIRLINE>
		<PLANETYPE>
			Boeing 747
		</PLANETYPE>
		<FLIGHTNUMBER>
			2449
		</FLIGHTNUMBER>
		<DEPARTSFROM>
			ATL
		</DEPARTSFROM>
		<DEPARTURETIME>
			<HOUR>
				08
			</HOUR>
			<MINUTE>
				20
			</MINUTE>
		</DEPARTURETIME>
		<DESTINATION>
			HSV
		</DESTINATION>
	</FLIGHT>
	<FLIGHT>
		<AIRLINE>
			Delta
		</AIRLINE>
		<PLANETYPE>
			Boeing 727
		</PLANETYPE>
		<FLIGHTNUMBER>
			2165
		</FLIGHTNUMBER>
		<DEPARTSFROM>
			BIR
		</DEPARTSFROM>
		<DEPARTURETIME>
			<HOUR>
				09
			</HOUR>
			<MINUTE>
				25
			</MINUTE>
		</DEPARTURETIME>
		<DESTINATION>
			MIA
		</DESTINATION>
	</FLIGHT>
	<FLIGHT>
		<AIRLINE>
			Delta
		</AIRLINE>
		<PLANETYPE>
			MD DC-9
		</PLANETYPE>
		<FLIGHTNUMBER>
			2536
		</FLIGHTNUMBER>
		<DEPARTSFROM>
			HSV
		</DEPARTSFROM>
		<DEPARTURETIME>
			<HOUR>
				07
			</HOUR>
			<MINUTE>
				15
			</MINUTE>
		</DEPARTURETIME>
		<DESTINATION>
			MEM
		</DESTINATION>
	</FLIGHT>
	<FLIGHT>
		<AIRLINE>
			Delta
		</AIRLINE>
		<PLANETYPE>
			MD DC-9
		</PLANETYPE>
		<FLIGHTNUMBER>
			2763
		</FLIGHTNUMBER>
		<DEPARTSFROM>
			TAL
		</DEPARTSFROM>
		<DEPARTURETIME>
			<HOUR>
				09
			</HOUR>
			<MINUTE>
				30
			</MINUTE>
		</DEPARTURETIME>
		<DESTINATION>
			NSV
		</DESTINATION>
	</FLIGHT>
	<FLIGHT>
		<AIRLINE>
			United
		</AIRLINE>
		<PLANETYPE>
			Boeing 747
		</PLANETYPE>
		<FLIGHTNUMBER>
			3580
		</FLIGHTNUMBER>
		<DEPARTSFROM>
			MTG
		</DEPARTSFROM>
		<DEPARTURETIME>
			<HOUR>
				08
			</HOUR>
			<MINUTE>
				30
			</MINUTE>
		</DEPARTURETIME>
		<DESTINATION>
			BIR
		</DESTINATION>
	</FLIGHT>
	<FLIGHT>
		<AIRLINE>
			United
		</AIRLINE>
		<PLANETYPE>
			Boeing 727
		</PLANETYPE>
		<FLIGHTNUMBER>
			3152
		</FLIGHTNUMBER>
		<DEPARTSFROM>
			NSV
		</DEPARTSFROM>
		<DEPARTURETIME>
			<HOUR>
				07
			</HOUR>
			<MINUTE>
				35
			</MINUTE>
		</DEPARTURETIME>
		<DESTINATION>
			HSV
		</DESTINATION>
	</FLIGHT>
	<FLIGHT>
		<AIRLINE>
			United
		</AIRLINE>
		<PLANETYPE>
			Boeing 727
		</PLANETYPE>
		<FLIGHTNUMBER>
			3658
		</FLIGHTNUMBER>
		<DEPARTSFROM>
			LOU
		</DEPARTSFROM>
		<DEPARTURETIME>
			<HOUR>
				09
			</HOUR>
			<MINUTE>
				55
			</MINUTE>
		</DEPARTURETIME>
		<DESTINATION>
			PIT
		</DESTINATION>
	</FLIGHT>
	<FLIGHT>
		<AIRLINE>
			United
		</AIRLINE>
		<PLANETYPE>
			MD DC-9
		</PLANETYPE>
		<FLIGHTNUMBER>
			3745
		</FLIGHTNUMBER>
		<DEPARTSFROM>
			ATL
		</DEPARTSFROM>
		<DEPARTURETIME>
			<HOUR>
				08
			</HOUR>
			<MINUTE>
				40
			</MINUTE>
		</DEPARTURETIME>
		<DESTINATION>
			CHL
		</DESTINATION>
	</FLIGHT>
	<FLIGHT>
		<AIRLINE>
			US Airways
		</AIRLINE>
		<PLANETYPE>
			Boeing 747
		</PLANETYPE>
		<FLIGHTNUMBER>
			4523
		</FLIGHTNUMBER>
		<DEPARTSFROM>
			PIT
		</DEPARTSFROM>
		<DEPARTURETIME>
			<HOUR>
				07
			</HOUR>
			<MINUTE>
				55
			</MINUTE>
		</DEPARTURETIME>
		<DESTINATION>
			MOB
		</DESTINATION>
	</FLIGHT>
	<FLIGHT>
		<AIRLINE>
			US Airways
		</AIRLINE>
		<PLANETYPE>
			Boeing 727
		</PLANETYPE>
		<FLIGHTNUMBER>
			4687
		</FLIGHTNUMBER>
		<DEPARTSFROM>
			BIR
		</DEPARTSFROM>
		<DEPARTURETIME>
			<HOUR>
				09
			</HOUR>
			<MINUTE>
				40
			</MINUTE>
		</DEPARTURETIME>
		<DESTINATION>
			NYK
		</DESTINATION>
	</FLIGHT>
	<FLIGHT>
		<AIRLINE>
			US Airways
		</AIRLINE>
		<PLANETYPE>
			MD DC-9
		</PLANETYPE>
		<FLIGHTNUMBER>
			4365
		</FLIGHTNUMBER>
		<DEPARTSFROM>
			HSV
		</DEPARTSFROM>
		<DEPARTURETIME>
			<HOUR>
				08
			</HOUR>
			<MINUTE>
				05
			</MINUTE>
		</DEPARTURETIME>
		<DESTINATION>
			TAL
		</DESTINATION>
	</FLIGHT>
	<FLIGHT>
		<AIRLINE>
			US Airways
		</AIRLINE>
		<PLANETYPE>
			MD DC-9
		</PLANETYPE>
		<FLIGHTNUMBER>
			4216
		</FLIGHTNUMBER>
		<DEPARTSFROM>
			NYK
		</DEPARTSFROM>
		<DEPARTURETIME>
			<HOUR>
				09
			</HOUR>
			<MINUTE>
				15
			</MINUTE>
		</DEPARTURETIME>
		<DESTINATION>
			BIR
		</DESTINATION>
	</FLIGHT>
	<FLIGHT>
		<AIRLINE>
			American
		</AIRLINE>
		<PLANETYPE>
			Boeing 747
		</PLANETYPE>
		<FLIGHTNUMBER>
			5298
		</FLIGHTNUMBER>
		<DEPARTSFROM>
			WDC
		</DEPARTSFROM>
		<DEPARTURETIME>
			<HOUR>
				07
			</HOUR>
			<MINUTE>
				40
			</MINUTE>
		</DEPARTURETIME>
		<DESTINATION>
			LOU
		</DESTINATION>
	</FLIGHT>
	<FLIGHT>
		<AIRLINE>
			American
		</AIRLINE>
		<PLANETYPE>
			Boeing 727
		</PLANETYPE>
		<FLIGHTNUMBER>
			5341
		</FLIGHTNUMBER>
		<DEPARTSFROM>
			MOB
		</DEPARTSFROM>
		<DEPARTURETIME>
			<HOUR>
				08
			</HOUR>
			<MINUTE>
				05
			</MINUTE>
		</DEPARTURETIME>
		<DESTINATION>
			MTG
		</DESTINATION>
	</FLIGHT>
	<FLIGHT>
		<AIRLINE>
			American
		</AIRLINE>
		<PLANETYPE>
			Boeing 727
		</PLANETYPE>
		<FLIGHTNUMBER>
			5387
		</FLIGHTNUMBER>
		<DEPARTSFROM>
			CHL
		</DEPARTSFROM>
		<DEPARTURETIME>
			<HOUR>
				08
			</HOUR>
			<MINUTE>
				15
			</MINUTE>
		</DEPARTURETIME>
		<DESTINATION>
			ORL
		</DESTINATION>
	</FLIGHT>
	<FLIGHT>
		<AIRLINE>
			American
		</AIRLINE>
		<PLANETYPE>
			MD DC-9
		</PLANETYPE>
		<FLIGHTNUMBER>
			5923
		</FLIGHTNUMBER>
		<DEPARTSFROM>
			ORL
		</DEPARTSFROM>
		<DEPARTURETIME>
			<HOUR>
				09
			</HOUR>
			<MINUTE>
				25
			</MINUTE>
		</DEPARTURETIME>
		<DESTINATION>
			WDC
		</DESTINATION>
	</FLIGHT>
	<FLIGHT>
		<AIRLINE>
			Private
		</AIRLINE>
		<PLANETYPE>
			Gulfstream 150
		</PLANETYPE>
		<FLIGHTNUMBER>
			9142
		</FLIGHTNUMBER>
		<DEPARTSFROM>
			HSV
		</DEPARTSFROM>
		<DEPARTURETIME>
			<HOUR>
				07
			</HOUR>
			<MINUTE>
				20
			</MINUTE>
		</DEPARTURETIME>
		<DESTINATION>
			ATL
		</DESTINATION>
	</FLIGHT>
	<FLIGHT>
		<AIRLINE>
			Private
		</AIRLINE>
		<PLANETYPE>
			Gulfstream 150
		</PLANETYPE>
		<FLIGHTNUMBER>
			9345
		</FLIGHTNUMBER>
		<DEPARTSFROM>
			WDC
		</DEPARTSFROM>
		<DEPARTURETIME>
			<HOUR>
				09
			</HOUR>
			<MINUTE>
				15
			</MINUTE>
		</DEPARTURETIME>
		<DESTINATION>
			NYK
		</DESTINATION>
	</FLIGHT>
	<FLIGHT>
		<AIRLINE>
			Private
		</AIRLINE>
		<PLANETYPE>
			Piper Cherokee 180-C
		</PLANETYPE>
		<FLIGHTNUMBER>
			8264
		</FLIGHTNUMBER>
		<DEPARTSFROM>
			HSV
		</DEPARTSFROM>
		<DEPARTURETIME>
			<HOUR>
				08
			</HOUR>
			<MINUTE>
				30
			</MINUTE>
		</DEPARTURETIME>
		<DESTINATION>
			BIR
		</DESTINATION>
	</FLIGHT>
	<FLIGHT>
		<AIRLINE>
			Private
		</AIRLINE>
		<PLANETYPE>
			Piper Cherokee 180-C
		</PLANETYPE>
		<FLIGHTNUMBER>
			8621
		</FLIGHTNUMBER>
		<DEPARTSFROM>
			ORL
		</DEPARTSFROM>
		<DEPARTURETIME>
			<HOUR>
				09
			</HOUR>
			<MINUTE>
				20
			</MINUTE>
		</DEPARTURETIME>
		<DESTINATION>
			TAL
		</DESTINATION>
	</FLIGHT>
	<FLIGHT>
		<AIRLINE>
			Private
		</AIRLINE>
		<PLANETYPE>
			Cessna 172
		</PLANETYPE>
		<FLIGHTNUMBER>
			8369
		</FLIGHTNUMBER>
		<DEPARTSFROM>
			MEM
		</DEPARTSFROM>
		<DEPARTURETIME>
			<HOUR>
				08
			</HOUR>
			<MINUTE>
				25
			</MINUTE>
		</DEPARTURETIME>
		<DESTINATION>
			NSV
		</DESTINATION>
	</FLIGHT>
	<FLIGHT>
		<AIRLINE>
			Private
		</AIRLINE>
		<PLANETYPE>
			Cessna 172
		</PLANETYPE>
		<FLIGHTNUMBER>
			8216
		</FLIGHTNUMBER>
		<DEPARTSFROM>
			MOB
		</DEPARTSFROM>
		<DEPARTURETIME>
			<HOUR>
				07
			</HOUR>
			<MINUTE>
				30
			</MINUTE>
		</DEPARTURETIME>
		<DESTINATION>
			MIA
		</DESTINATION>
	</FLIGHT>
</FLIGHTS>

