<!-- City data file for use in the Airline Flight Plan simulation -->
<CITYDATA>
	<CITIES>
		<CITY>
			<CITYNAME>
				Huntsville
			</CITYNAME>
			<STATE>
				Alabama
			</STATE>
			<SYMBOL>
				HSV
			</SYMBOL>
			<LATITUDE>
				34.7
			</LATITUDE>
			<LONGITUDE>
				-86.6
			</LONGITUDE>
		</CITY>
		<CITY>
			<CITYNAME>
				Birmingham
			</CITYNAME>
			<STATE>
				Alabama
			</STATE>
			<SYMBOL>
				BIR
			</SYMBOL>
			<LATITUDE>
				33.5
			</LATITUDE>
			<LONGITUDE>
				-86.8
			</LONGITUDE>
		</CITY>
		<CITY>
			<CITYNAME>
				Montgomery
			</CITYNAME>
			<STATE>
				Alabama
			</STATE>
			<SYMBOL>
				MTG
			</SYMBOL>
			<LATITUDE>
				32.3
			</LATITUDE>
			<LONGITUDE>
				-86.3
			</LONGITUDE>
		</CITY>
		<CITY>
			<CITYNAME>
				Mobile
			</CITYNAME>
			<STATE>
				Alabama
			</STATE>
			<SYMBOL>
				MOB
			</SYMBOL>
			<LATITUDE>
				30.7
			</LATITUDE>
			<LONGITUDE>
				-88.3
			</LONGITUDE>
		</CITY>
		<CITY>
			<CITYNAME>
				Atlanta
			</CITYNAME>
			<STATE>
				Georgia
			</STATE>
			<SYMBOL>
				ATL
			</SYMBOL>
			<LATITUDE>
				33.7
			</LATITUDE>
			<LONGITUDE>
				-84.4
			</LONGITUDE>
		</CITY>
		<CITY>
			<CITYNAME>
				Tallahassee
			</CITYNAME>
			<STATE>
				Florida
			</STATE>
			<SYMBOL>
				TAL
			</SYMBOL>
			<LATITUDE>
				30.4
			</LATITUDE>
			<LONGITUDE>
				-84.3
			</LONGITUDE>
		</CITY>
		<CITY>
			<CITYNAME>
				Orlando
			</CITYNAME>
			<STATE>
				Florida
			</STATE>
			<SYMBOL>
				ORL
			</SYMBOL>
			<LATITUDE>
				28.5
			</LATITUDE>
			<LONGITUDE>
				-81.4
			</LONGITUDE>
		</CITY>
		<CITY>
			<CITYNAME>
				Miami
			</CITYNAME>
			<STATE>
				Florida
			</STATE>
			<SYMBOL>
				MIA
			</SYMBOL>
			<LATITUDE>
				25.7
			</LATITUDE>
			<LONGITUDE>
				-80.2
			</LONGITUDE>
		</CITY>
		<CITY>
			<CITYNAME>
				Charleston
			</CITYNAME>
			<STATE>
				South Carolina
			</STATE>
			<SYMBOL>
				CHL
			</SYMBOL>
			<LATITUDE>
				32.8
			</LATITUDE>
			<LONGITUDE>
				-79.9
			</LONGITUDE>
		</CITY>
		<CITY>
			<CITYNAME>
				Memphis
			</CITYNAME>
			<STATE>
				Tennessee
			</STATE>
			<SYMBOL>
				MEM
			</SYMBOL>
			<LATITUDE>
				35.1
			</LATITUDE>
			<LONGITUDE>
				-90.0
			</LONGITUDE>
		</CITY>
		<CITY>
			<CITYNAME>
				Nashville
			</CITYNAME>
			<STATE>
				Tennessee
			</STATE>
			<SYMBOL>
				NSV
			</SYMBOL>
			<LATITUDE>
				36.2
			</LATITUDE>
			<LONGITUDE>
				-86.8
			</LONGITUDE>
		</CITY>
		<CITY>
			<CITYNAME>
				Louisville
			</CITYNAME>
			<STATE>
				Kentucky
			</STATE>
			<SYMBOL>
				LOU
			</SYMBOL>
			<LATITUDE>
				38.3
			</LATITUDE>
			<LONGITUDE>
				-85.8
			</LONGITUDE>
		</CITY>
		<CITY>
			<CITYNAME>
				Pittsburgh
			</CITYNAME>
			<STATE>
				Pennsylvania
			</STATE>
			<SYMBOL>
				PIT
			</SYMBOL>
			<LATITUDE>
				40.4
			</LATITUDE>
			<LONGITUDE>
				-80.0
			</LONGITUDE>
		</CITY>
		<CITY>
			<CITYNAME>
				New York
			</CITYNAME>
			<STATE>
				New York
			</STATE>
			<SYMBOL>
				NYK
			</SYMBOL>
			<LATITUDE>
				40.7
			</LATITUDE>
			<LONGITUDE>
				-74.0
			</LONGITUDE>
		</CITY>
		<CITY>
			<CITYNAME>
				Washington
			</CITYNAME>
			<STATE>
				D.C.
			</STATE>
			<SYMBOL>
				WDC
			</SYMBOL>
			<LATITUDE>
				38.9
			</LATITUDE>
			<LONGITUDE>
				-77.0
			</LONGITUDE>
		</CITY>
	</CITIES>
	<DISTTABLE>
		<TABLEHEADINGS>
			<TABLEHEADING>
				 HSV
			</TABLEHEADING>
			<TABLEHEADING>
				 BIR
			</TABLEHEADING>
			<TABLEHEADING>
				 MTG
			</TABLEHEADING>
			<TABLEHEADING>
				 MOB
			</TABLEHEADING>
			<TABLEHEADING>
				 ATL
			</TABLEHEADING>
			<TABLEHEADING>
				 TAL
			</TABLEHEADING>
			<TABLEHEADING>
				 ORL
			</TABLEHEADING>
			<TABLEHEADING>
				 MIA
			</TABLEHEADING>
			<TABLEHEADING>
				 CHL
			</TABLEHEADING>
			<TABLEHEADING>
				 MEM
			</TABLEHEADING>
			<TABLEHEADING>
				 NSV
			</TABLEHEADING>
			<TABLEHEADING>
				 LOU
			</TABLEHEADING>
			<TABLEHEADING>
				 PIT
			</TABLEHEADING>
			<TABLEHEADING>
				 NYK
			</TABLEHEADING>
			<TABLEHEADING>
				 WDC
			</TABLEHEADING>
		</TABLEHEADINGS>
		<ROWS>
			<ROW>
				<DISTANCE>
					 0
				</DISTANCE>
				<DISTANCE>
					 87
				</DISTANCE>
				<DISTANCE>
					 163
				</DISTANCE>
				<DISTANCE>
					 291
				</DISTANCE>
				<DISTANCE>
					 143
				</DISTANCE>
				<DISTANCE>
					 323
				</DISTANCE>
				<DISTANCE>
					 538
				</DISTANCE>
				<DISTANCE>
					 724
				</DISTANCE>
				<DISTANCE>
					 404
				</DISTANCE>
				<DISTANCE>
					 193
				</DISTANCE>
				<DISTANCE>
					 100
				</DISTANCE>
				<DISTANCE>
					 248
				</DISTANCE>
				<DISTANCE>
					 537
				</DISTANCE>
				<DISTANCE>
					 806
				</DISTANCE>
				<DISTANCE>
					 604
				</DISTANCE>
			</ROW>
			<ROW>
				<DISTANCE>
					 87
				</DISTANCE>
				<DISTANCE>
					 0
				</DISTANCE>
				<DISTANCE>
					 79
				</DISTANCE>
				<DISTANCE>
					 206
				</DISTANCE>
				<DISTANCE>
					 140
				</DISTANCE>
				<DISTANCE>
					 252
				</DISTANCE>
				<DISTANCE>
					 480
				</DISTANCE>
				<DISTANCE>
					 658
				</DISTANCE>
				<DISTANCE>
					 397
				</DISTANCE>
				<DISTANCE>
					 218
				</DISTANCE>
				<DISTANCE>
					 187
				</DISTANCE>
				<DISTANCE>
					 335
				</DISTANCE>
				<DISTANCE>
					 611
				</DISTANCE>
				<DISTANCE>
					 865
				</DISTANCE>
				<DISTANCE>
					 660
				</DISTANCE>
			</ROW>
			<ROW>
				<DISTANCE>
					 163
				</DISTANCE>
				<DISTANCE>
					 79
				</DISTANCE>
				<DISTANCE>
					 0
				</DISTANCE>
				<DISTANCE>
					 157
				</DISTANCE>
				<DISTANCE>
					 149
				</DISTANCE>
				<DISTANCE>
					 177
				</DISTANCE>
				<DISTANCE>
					 410
				</DISTANCE>
				<DISTANCE>
					 583
				</DISTANCE>
				<DISTANCE>
					 372
				</DISTANCE>
				<DISTANCE>
					 286
				</DISTANCE>
				<DISTANCE>
					 263
				</DISTANCE>
				<DISTANCE>
					 406
				</DISTANCE>
				<DISTANCE>
					 659
				</DISTANCE>
				<DISTANCE>
					 894
				</DISTANCE>
				<DISTANCE>
					 688
				</DISTANCE>
			</ROW>
			<ROW>
				<DISTANCE>
					 291
				</DISTANCE>
				<DISTANCE>
					 206
				</DISTANCE>
				<DISTANCE>
					 157
				</DISTANCE>
				<DISTANCE>
					 0
				</DISTANCE>
				<DISTANCE>
					 307
				</DISTANCE>
				<DISTANCE>
					 228
				</DISTANCE>
				<DISTANCE>
					 451
				</DISTANCE>
				<DISTANCE>
					 585
				</DISTANCE>
				<DISTANCE>
					 503
				</DISTANCE>
				<DISTANCE>
					 326
				</DISTANCE>
				<DISTANCE>
					 385
				</DISTANCE>
				<DISTANCE>
					 538
				</DISTANCE>
				<DISTANCE>
					 814
				</DISTANCE>
				<DISTANCE>
					 1052
				</DISTANCE>
				<DISTANCE>
					 845
				</DISTANCE>
			</ROW>
			<ROW>
				<DISTANCE>
					 143
				</DISTANCE>
				<DISTANCE>
					 140
				</DISTANCE>
				<DISTANCE>
					 149
				</DISTANCE>
				<DISTANCE>
					 307
				</DISTANCE>
				<DISTANCE>
					 0
				</DISTANCE>
				<DISTANCE>
					 231
				</DISTANCE>
				<DISTANCE>
					 414
				</DISTANCE>
				<DISTANCE>
					 607
				</DISTANCE>
				<DISTANCE>
					 264
				</DISTANCE>
				<DISTANCE>
					 333
				</DISTANCE>
				<DISTANCE>
					 212
				</DISTANCE>
				<DISTANCE>
					 314
				</DISTANCE>
				<DISTANCE>
					 518
				</DISTANCE>
				<DISTANCE>
					 744
				</DISTANCE>
				<DISTANCE>
					 538
				</DISTANCE>
			</ROW>
			<ROW>
				<DISTANCE>
					 323
				</DISTANCE>
				<DISTANCE>
					 252
				</DISTANCE>
				<DISTANCE>
					 177
				</DISTANCE>
				<DISTANCE>
					 228
				</DISTANCE>
				<DISTANCE>
					 231
				</DISTANCE>
				<DISTANCE>
					 0
				</DISTANCE>
				<DISTANCE>
					 236
				</DISTANCE>
				<DISTANCE>
					 406
				</DISTANCE>
				<DISTANCE>
					 305
				</DISTANCE>
				<DISTANCE>
					 463
				</DISTANCE>
				<DISTANCE>
					 419
				</DISTANCE>
				<DISTANCE>
					 543
				</DISTANCE>
				<DISTANCE>
					 731
				</DISTANCE>
				<DISTANCE>
					 915
				</DISTANCE>
				<DISTANCE>
					 713
				</DISTANCE>
			</ROW>
			<ROW>
				<DISTANCE>
					 538
				</DISTANCE>
				<DISTANCE>
					 480
				</DISTANCE>
				<DISTANCE>
					 410
				</DISTANCE>
				<DISTANCE>
					 451
				</DISTANCE>
				<DISTANCE>
					 414
				</DISTANCE>
				<DISTANCE>
					 236
				</DISTANCE>
				<DISTANCE>
					 0
				</DISTANCE>
				<DISTANCE>
					 197
				</DISTANCE>
				<DISTANCE>
					 306
				</DISTANCE>
				<DISTANCE>
					 696
				</DISTANCE>
				<DISTANCE>
					 624
				</DISTANCE>
				<DISTANCE>
					 722
				</DISTANCE>
				<DISTANCE>
					 824
				</DISTANCE>
				<DISTANCE>
					 932
				</DISTANCE>
				<DISTANCE>
					 751
				</DISTANCE>
			</ROW>
			<ROW>
				<DISTANCE>
					 724
				</DISTANCE>
				<DISTANCE>
					 658
				</DISTANCE>
				<DISTANCE>
					 583
				</DISTANCE>
				<DISTANCE>
					 585
				</DISTANCE>
				<DISTANCE>
					 607
				</DISTANCE>
				<DISTANCE>
					 406
				</DISTANCE>
				<DISTANCE>
					 197
				</DISTANCE>
				<DISTANCE>
					 0
				</DISTANCE>
				<DISTANCE>
					 492
				</DISTANCE>
				<DISTANCE>
					 868
				</DISTANCE>
				<DISTANCE>
					 815
				</DISTANCE>
				<DISTANCE>
					 918
				</DISTANCE>
				<DISTANCE>
					 1015
				</DISTANCE>
				<DISTANCE>
					 1097
				</DISTANCE>
				<DISTANCE>
					 928
				</DISTANCE>
			</ROW>
			<ROW>
				<DISTANCE>
					 404
				</DISTANCE>
				<DISTANCE>
					 397
				</DISTANCE>
				<DISTANCE>
					 372
				</DISTANCE>
				<DISTANCE>
					 503
				</DISTANCE>
				<DISTANCE>
					 264
				</DISTANCE>
				<DISTANCE>
					 305
				</DISTANCE>
				<DISTANCE>
					 306
				</DISTANCE>
				<DISTANCE>
					 492
				</DISTANCE>
				<DISTANCE>
					 0
				</DISTANCE>
				<DISTANCE>
					 597
				</DISTANCE>
				<DISTANCE>
					 452
				</DISTANCE>
				<DISTANCE>
					 492
				</DISTANCE>
				<DISTANCE>
					 523
				</DISTANCE>
				<DISTANCE>
					 635
				</DISTANCE>
				<DISTANCE>
					 447
				</DISTANCE>
			</ROW>
			<ROW>
				<DISTANCE>
					 193
				</DISTANCE>
				<DISTANCE>
					 218
				</DISTANCE>
				<DISTANCE>
					 286
				</DISTANCE>
				<DISTANCE>
					 326
				</DISTANCE>
				<DISTANCE>
					 333
				</DISTANCE>
				<DISTANCE>
					 463
				</DISTANCE>
				<DISTANCE>
					 696
				</DISTANCE>
				<DISTANCE>
					 868
				</DISTANCE>
				<DISTANCE>
					 597
				</DISTANCE>
				<DISTANCE>
					 0
				</DISTANCE>
				<DISTANCE>
					 193
				</DISTANCE>
				<DISTANCE>
					 319
				</DISTANCE>
				<DISTANCE>
					 658
				</DISTANCE>
				<DISTANCE>
					 953
				</DISTANCE>
				<DISTANCE>
					 760
				</DISTANCE>
			</ROW>
			<ROW>
				<DISTANCE>
					 100
				</DISTANCE>
				<DISTANCE>
					 187
				</DISTANCE>
				<DISTANCE>
					 263
				</DISTANCE>
				<DISTANCE>
					 385
				</DISTANCE>
				<DISTANCE>
					 212
				</DISTANCE>
				<DISTANCE>
					 419
				</DISTANCE>
				<DISTANCE>
					 624
				</DISTANCE>
				<DISTANCE>
					 815
				</DISTANCE>
				<DISTANCE>
					 452
				</DISTANCE>
				<DISTANCE>
					 193
				</DISTANCE>
				<DISTANCE>
					 0
				</DISTANCE>
				<DISTANCE>
					 155
				</DISTANCE>
				<DISTANCE>
					 473
				</DISTANCE>
				<DISTANCE>
					 761
				</DISTANCE>
				<DISTANCE>
					 567
				</DISTANCE>
			</ROW>
			<ROW>
				<DISTANCE>
					 248
				</DISTANCE>
				<DISTANCE>
					 335
				</DISTANCE>
				<DISTANCE>
					 406
				</DISTANCE>
				<DISTANCE>
					 538
				</DISTANCE>
				<DISTANCE>
					 314
				</DISTANCE>
				<DISTANCE>
					 543
				</DISTANCE>
				<DISTANCE>
					 722
				</DISTANCE>
				<DISTANCE>
					 918
				</DISTANCE>
				<DISTANCE>
					 492
				</DISTANCE>
				<DISTANCE>
					 319
				</DISTANCE>
				<DISTANCE>
					 155
				</DISTANCE>
				<DISTANCE>
					 0
				</DISTANCE>
				<DISTANCE>
					 342
				</DISTANCE>
				<DISTANCE>
					 649
				</DISTANCE>
				<DISTANCE>
					 471
				</DISTANCE>
			</ROW>
			<ROW>
				<DISTANCE>
					 537
				</DISTANCE>
				<DISTANCE>
					 611
				</DISTANCE>
				<DISTANCE>
					 659
				</DISTANCE>
				<DISTANCE>
					 814
				</DISTANCE>
				<DISTANCE>
					 518
				</DISTANCE>
				<DISTANCE>
					 731
				</DISTANCE>
				<DISTANCE>
					 824
				</DISTANCE>
				<DISTANCE>
					 1015
				</DISTANCE>
				<DISTANCE>
					 523
				</DISTANCE>
				<DISTANCE>
					 658
				</DISTANCE>
				<DISTANCE>
					 473
				</DISTANCE>
				<DISTANCE>
					 342
				</DISTANCE>
				<DISTANCE>
					 0
				</DISTANCE>
				<DISTANCE>
					 315
				</DISTANCE>
				<DISTANCE>
					 189
				</DISTANCE>
			</ROW>
			<ROW>
				<DISTANCE>
					 806
				</DISTANCE>
				<DISTANCE>
					 865
				</DISTANCE>
				<DISTANCE>
					 894
				</DISTANCE>
				<DISTANCE>
					 1052
				</DISTANCE>
				<DISTANCE>
					 744
				</DISTANCE>
				<DISTANCE>
					 915
				</DISTANCE>
				<DISTANCE>
					 932
				</DISTANCE>
				<DISTANCE>
					 1097
				</DISTANCE>
				<DISTANCE>
					 635
				</DISTANCE>
				<DISTANCE>
					 953
				</DISTANCE>
				<DISTANCE>
					 761
				</DISTANCE>
				<DISTANCE>
					 649
				</DISTANCE>
				<DISTANCE>
					 315
				</DISTANCE>
				<DISTANCE>
					 0
				</DISTANCE>
				<DISTANCE>
					 206
				</DISTANCE>
			</ROW>
			<ROW>
				<DISTANCE>
					 604
				</DISTANCE>
				<DISTANCE>
					 660
				</DISTANCE>
				<DISTANCE>
					 688
				</DISTANCE>
				<DISTANCE>
					 845
				</DISTANCE>
				<DISTANCE>
					 538
				</DISTANCE>
				<DISTANCE>
					 713
				</DISTANCE>
				<DISTANCE>
					 751
				</DISTANCE>
				<DISTANCE>
					 928
				</DISTANCE>
				<DISTANCE>
					 447
				</DISTANCE>
				<DISTANCE>
					 760
				</DISTANCE>
				<DISTANCE>
					 567
				</DISTANCE>
				<DISTANCE>
					 471
				</DISTANCE>
				<DISTANCE>
					 189
				</DISTANCE>
				<DISTANCE>
					 206
				</DISTANCE>
				<DISTANCE>
					 0
				</DISTANCE>
			</ROW>
		</ROWS>
	</DISTTABLE>
</CITYDATA>

